Kabupaten_Kota,Tanggal,RF_Pred,LGBM_Pred,Blended_Pred
Kabupaten Bangkalan,2025-01-01,3819.542050000002,8299.619361936107,6059.580705968055
Kabupaten Bangkalan,2025-02-01,9530.6049,8962.635534870997,9246.620217435498
Kabupaten Bangkalan,2025-03-01,48513.45849999999,50984.78779807683,49749.12314903841
Kabupaten Bangkalan,2025-04-01,44315.649699999994,33812.30006698369,39063.97488349184
Kabupaten Bangkalan,2025-05-01,10957.528899999998,8857.082649371234,9907.305774685616
Kabupaten Bangkalan,2025-06-01,6889.4184000000005,4944.6852488660925,5917.051824433047
Kabupaten Bangkalan,2025-07-01,32398.94799999999,26564.17718646854,29481.562593234266
Kabupaten Bangkalan,2025-08-01,19808.829500000007,22226.927945051328,21017.878722525667
Kabupaten Bangkalan,2025-09-01,4990.593199999999,4408.108404287319,4699.350802143659
Kabupaten Bangkalan,2025-10-01,3483.121599999999,900.9124050562448,2192.017002528122
Kabupaten Bangkalan,2025-11-01,2128.5512000000003,980.0841452684925,1554.3176726342465
Kabupaten Bangkalan,2025-12-01,4575.3773,7072.376277609732,5823.876788804866
Kabupaten Banyuwangi,2025-01-01,25202.335000000006,26052.49572327778,25627.415361638894
Kabupaten Banyuwangi,2025-02-01,22730.74060000001,14948.766383112783,18839.753491556396
Kabupaten Banyuwangi,2025-03-01,24093.370700000003,32832.012154386044,28462.69142719302
Kabupaten Banyuwangi,2025-04-01,61435.534400000004,52590.21656032944,57012.87548016472
Kabupaten Banyuwangi,2025-05-01,50840.3749,48487.14175737173,49663.75832868587
Kabupaten Banyuwangi,2025-06-01,23395.053,23034.96712515849,23215.010062579247
Kabupaten Banyuwangi,2025-07-01,9673.939700000006,11065.37720169967,10369.658450849838
Kabupaten Banyuwangi,2025-08-01,22882.394599999996,22669.528594922795,22775.961597461395
Kabupaten Banyuwangi,2025-09-01,59821.131599999986,40676.65226809,50248.891934044994
Kabupaten Banyuwangi,2025-10-01,51155.924599999984,33330.74728947989,42243.33594473994
Kabupaten Banyuwangi,2025-11-01,22289.131199999993,20086.275104327375,21187.70315216368
Kabupaten Banyuwangi,2025-12-01,17002.760899999994,17753.210540043492,17377.985720021745
Kabupaten Blitar,2025-01-01,5169.529100000002,6350.191224804842,5759.860162402421
Kabupaten Blitar,2025-02-01,5853.6989,4051.857828925832,4952.778364462916
Kabupaten Blitar,2025-03-01,14117.42469999999,6962.635972596886,10540.030336298438
Kabupaten Blitar,2025-04-01,33529.691199999994,29647.774587796415,31588.732893898203
Kabupaten Blitar,2025-05-01,48759.10130000002,49811.71844380913,49285.40987190457
Kabupaten Blitar,2025-06-01,13174.338000000005,15826.626476971873,14500.48223848594
Kabupaten Blitar,2025-07-01,5150.6047,4586.876591299432,4868.740645649716
Kabupaten Blitar,2025-08-01,7620.5296,6730.032572722912,7175.281086361456
Kabupaten Blitar,2025-09-01,10731.4846,6090.486846208162,8410.98572310408
Kabupaten Blitar,2025-10-01,8135.541900000002,6868.482587511047,7502.012243755525
Kabupaten Blitar,2025-11-01,7619.970700000002,8503.934636232774,8061.952668116388
Kabupaten Blitar,2025-12-01,4564.218500000002,4147.517686221745,4355.868093110874
Kabupaten Bojonegoro,2025-01-01,16294.785900000003,19916.143369892765,18105.464634946384
Kabupaten Bojonegoro,2025-02-01,45624.3942,56778.479767132354,51201.43698356618
Kabupaten Bojonegoro,2025-03-01,139216.42519999994,179921.55886495244,159568.99203247618
Kabupaten Bojonegoro,2025-04-01,145721.48369999995,115010.46313230201,130365.97341615098
Kabupaten Bojonegoro,2025-05-01,43926.96129999998,47653.935891621615,45790.4485958108
Kabupaten Bojonegoro,2025-06-01,67759.47619999996,69303.08845196044,68531.2823259802
Kabupaten Bojonegoro,2025-07-01,61684.34819999999,72817.55538833837,67250.95179416917
Kabupaten Bojonegoro,2025-08-01,37299.13470000001,38278.5706594991,37788.85267974956
Kabupaten Bojonegoro,2025-09-01,29740.007699999995,16685.119650445053,23212.563675222525
Kabupaten Bojonegoro,2025-10-01,31424.7469,19391.436361970438,25408.09163098522
Kabupaten Bojonegoro,2025-11-01,29947.967800000002,26108.852515730392,28028.410157865197
Kabupaten Bojonegoro,2025-12-01,22250.075899999993,26016.93280233772,24133.504351168856
Kabupaten Bondowoso,2025-01-01,14251.866400000004,13828.09071106577,14039.978555532887
Kabupaten Bondowoso,2025-02-01,19941.5344,17406.16392129205,18673.849160646023
Kabupaten Bondowoso,2025-03-01,34215.267900000006,27728.654205806295,30971.96105290315
Kabupaten Bondowoso,2025-04-01,32651.753399999994,30603.32791818288,31627.540659091435
Kabupaten Bondowoso,2025-05-01,32057.472400000002,30437.483860780638,31247.478130390322
Kabupaten Bondowoso,2025-06-01,35725.072200000024,28771.560923949415,32248.31656197472
Kabupaten Bondowoso,2025-07-01,22338.330499999993,19532.6863685783,20935.508434289146
Kabupaten Bondowoso,2025-08-01,18428.4767,18195.525841779476,18312.001270889737
Kabupaten Bondowoso,2025-09-01,12057.726799999997,12731.51342642034,12394.620113210169
Kabupaten Bondowoso,2025-10-01,13682.00910000001,9594.760951789924,11638.385025894968
Kabupaten Bondowoso,2025-11-01,11943.990200000002,8349.930001396157,10146.96010069808
Kabupaten Bondowoso,2025-12-01,9077.781199999996,13115.34978941101,11096.565494705503
Kabupaten Gresik,2025-01-01,5323.155100000003,4418.487768716987,4870.821434358495
Kabupaten Gresik,2025-02-01,16656.918500000007,20873.288475327947,18765.103487663975
Kabupaten Gresik,2025-03-01,64791.55969999994,94030.23575226752,79410.89772613373
Kabupaten Gresik,2025-04-01,50152.991599999994,55507.41520109463,52830.20340054731
Kabupaten Gresik,2025-05-01,17103.258800000003,14307.140633090135,15705.19971654507
Kabupaten Gresik,2025-06-01,43140.34830000001,35272.97352893334,39206.66091446667
Kabupaten Gresik,2025-07-01,37056.618200000004,31822.093119995126,34439.35565999756
Kabupaten Gresik,2025-08-01,15379.3563,15582.239508333532,15480.797904166766
Kabupaten Gresik,2025-09-01,18922.445200000002,14231.32595204465,16576.885576022327
Kabupaten Gresik,2025-10-01,20925.12569999999,17098.02767869431,19011.576689347152
Kabupaten Gresik,2025-11-01,14635.719100000002,14224.38116819541,14430.050134097706
Kabupaten Gresik,2025-12-01,4323.614399999999,7685.452928801623,6004.533664400811
Kabupaten Jember,2025-01-01,25533.372199999987,31229.353684796835,28381.36294239841
Kabupaten Jember,2025-02-01,36347.29320000001,30973.248498144738,33660.270849072374
Kabupaten Jember,2025-03-01,60168.25090000001,74594.54017454381,67381.3955372719
Kabupaten Jember,2025-04-01,126890.71629999997,138656.27647495395,132773.49638747697
Kabupaten Jember,2025-05-01,52064.878899999996,37653.118159769365,44858.99852988468
Kabupaten Jember,2025-06-01,37594.52530000001,31872.548921046255,34733.53711052313
Kabupaten Jember,2025-07-01,37334.108800000016,41641.56163291932,39487.83521645967
Kabupaten Jember,2025-08-01,70175.14129999996,72031.32887833912,71103.23508916954
Kabupaten Jember,2025-09-01,45476.64169999997,24375.207705636458,34925.924702818214
Kabupaten Jember,2025-10-01,26706.4021,16177.789387396142,21442.09574369807
Kabupaten Jember,2025-11-01,19444.515000000003,18422.03851733507,18933.276758667536
Kabupaten Jember,2025-12-01,22895.394,23954.019870245214,23424.70693512261
Kabupaten Jombang,2025-01-01,6729.804999999998,8431.391871292364,7580.598435646181
Kabupaten Jombang,2025-02-01,8302.816000000003,9599.08463169389,8950.950315846945
Kabupaten Jombang,2025-03-01,46118.215399999994,64708.540161055986,55413.37778052799
Kabupaten Jombang,2025-04-01,90403.52839999992,56909.155559682345,73656.34197984113
Kabupaten Jombang,2025-05-01,38307.783200000005,29978.01915369863,34142.90117684932
Kabupaten Jombang,2025-06-01,5778.282700000002,9168.592522682324,7473.437611341163
Kabupaten Jombang,2025-07-01,30169.997599999984,24643.114503651344,27406.556051825664
Kabupaten Jombang,2025-08-01,43442.388499999994,32871.01265320389,38156.70057660194
Kabupaten Jombang,2025-09-01,37161.049999999996,25181.005140523757,31171.027570261875
Kabupaten Jombang,2025-10-01,15611.156600000006,10715.412563588634,13163.28458179432
Kabupaten Jombang,2025-11-01,5841.647599999999,4681.55903657141,5261.6033182857045
Kabupaten Jombang,2025-12-01,15930.414699999998,18531.850368115633,17231.132534057815
Kabupaten Kediri,2025-01-01,5722.046499999998,5116.996764455631,5419.521632227814
Kabupaten Kediri,2025-02-01,6108.308699999997,3720.1408460410958,4914.224773020546
Kabupaten Kediri,2025-03-01,33748.591400000005,26316.92482674881,30032.75811337441
Kabupaten Kediri,2025-04-01,42872.334899999994,37397.33744193687,40134.83617096843
Kabupaten Kediri,2025-05-01,9765.127500000002,11987.126691720245,10876.127095860124
Kabupaten Kediri,2025-06-01,5112.199100000002,2866.5049439655595,3989.3520219827806
Kabupaten Kediri,2025-07-01,20134.838300000007,19577.228360061185,19856.033330030594
Kabupaten Kediri,2025-08-01,17004.5735,19963.895186425314,18484.234343212658
Kabupaten Kediri,2025-09-01,7329.056899999999,11162.99139550594,9246.024147752969
Kabupaten Kediri,2025-10-01,4366.5547,1289.2414897297142,2827.898094864857
Kabupaten Kediri,2025-11-01,4765.522099999999,4901.984987817406,4833.753543908702
Kabupaten Kediri,2025-12-01,6638.335499999997,10178.331245776699,8408.333372888348
Kabupaten Lamongan,2025-01-01,11692.0572,11683.251416955925,11687.654308477962
Kabupaten Lamongan,2025-02-01,18225.592200000006,27354.932887883875,22790.262543941943
Kabupaten Lamongan,2025-03-01,172183.36529999998,184669.4159442311,178426.39062211552
Kabupaten Lamongan,2025-04-01,149233.44119999988,141040.87781481724,145137.15950740856
Kabupaten Lamongan,2025-05-01,40637.6911,17394.562534387915,29016.126817193956
Kabupaten Lamongan,2025-06-01,66219.97509999998,65502.09671992949,65861.03590996473
Kabupaten Lamongan,2025-07-01,74574.15859999997,96231.99726838147,85403.07793419072
Kabupaten Lamongan,2025-08-01,64448.535299999974,82221.14602489425,73334.84066244711
Kabupaten Lamongan,2025-09-01,112155.36349999998,76918.31775697262,94536.8406284863
Kabupaten Lamongan,2025-10-01,27176.65310000001,25108.938918301854,26142.79600915093
Kabupaten Lamongan,2025-11-01,6226.5526999999975,6568.582667687488,6397.567683843743
Kabupaten Lamongan,2025-12-01,5883.0309,8969.843358258975,7426.437129129487
Kabupaten Lumajang,2025-01-01,16974.4517,16084.755002097107,16529.603351048554
Kabupaten Lumajang,2025-02-01,11881.514500000005,12347.217594676986,12114.366047338495
Kabupaten Lumajang,2025-03-01,20589.554900000003,18994.18484761204,19791.86987380602
Kabupaten Lumajang,2025-04-01,38165.26110000001,27599.993019997408,32882.62705999871
Kabupaten Lumajang,2025-05-01,33887.81300000004,35763.90332909285,34825.858164546444
Kabupaten Lumajang,2025-06-01,21614.253000000004,23771.377052038046,22692.815026019023
Kabupaten Lumajang,2025-07-01,18036.32970000001,17954.579018362514,17995.45435918126
Kabupaten Lumajang,2025-08-01,25324.401099999995,22188.876257596876,23756.638678798437
Kabupaten Lumajang,2025-09-01,20166.56310000001,15548.85320307681,17857.70815153841
Kabupaten Lumajang,2025-10-01,15005.200900000003,11738.014742483538,13371.60782124177
Kabupaten Lumajang,2025-11-01,16213.933600000006,14093.499710489856,15153.71665524493
Kabupaten Lumajang,2025-12-01,15244.606399999999,15972.60959583777,15608.607997918883
Kabupaten Madiun,2025-01-01,9147.8984,9367.742925080505,9257.820662540253
Kabupaten Madiun,2025-02-01,6888.9299999999985,5003.428680230191,5946.179340115095
Kabupaten Madiun,2025-03-01,44952.6322,49099.686862913346,47026.15953145667
Kabupaten Madiun,2025-04-01,120533.8967999999,103471.9014122033,112002.8991061016
Kabupaten Madiun,2025-05-01,26086.911800000013,27457.6076137451,26772.259706872555
Kabupaten Madiun,2025-06-01,6821.8722,2457.8807472978997,4639.87647364895
Kabupaten Madiun,2025-07-01,47241.1239,58221.48868960039,52731.30629480019
Kabupaten Madiun,2025-08-01,72194.18219999997,87110.02076681665,79652.1014834083
Kabupaten Madiun,2025-09-01,18399.75239999999,14920.680218840453,16660.216309420222
Kabupaten Madiun,2025-10-01,6900.237000000003,5732.0726061277,6316.154803063851
Kabupaten Madiun,2025-11-01,37471.4336,22004.99559583509,29738.214597917544
Kabupaten Madiun,2025-12-01,55998.29520000002,33323.92157407271,44661.108387036365
Kabupaten Magetan,2025-01-01,4278.0335,3581.3965792922063,3929.715039646103
Kabupaten Magetan,2025-02-01,6067.0138,9338.952271651116,7702.9830358255585
Kabupaten Magetan,2025-03-01,64036.8674,59237.2479177737,61637.05765888685
Kabupaten Magetan,2025-04-01,34416.23040000001,35545.58084258809,34980.90562129405
Kabupaten Magetan,2025-05-01,6530.423600000002,8101.073920011292,7315.748760005647
Kabupaten Magetan,2025-06-01,29336.94179999998,20724.932061835258,25030.936930917618
Kabupaten Magetan,2025-07-01,37305.8171,37856.22187395433,37581.019486977166
Kabupaten Magetan,2025-08-01,20323.784700000004,18894.061505113514,19608.923102556757
Kabupaten Magetan,2025-09-01,4570.959499999999,3700.808932972752,4135.884216486375
Kabupaten Magetan,2025-10-01,10078.2469,5893.334756954525,7985.790828477262
Kabupaten Magetan,2025-11-01,25936.71289999999,21957.424232099333,23947.06856604966
Kabupaten Magetan,2025-12-01,19860.331000000002,24000.913526464665,21930.622263232333
Kabupaten Malang,2025-01-01,16814.434500000003,16247.411938369089,16530.923219184544
Kabupaten Malang,2025-02-01,11770.205799999996,13225.645543500703,12497.925671750349
Kabupaten Malang,2025-03-01,18870.294900000008,16945.53407716953,17907.91448858477
Kabupaten Malang,2025-04-01,20806.046299999998,22175.090570172648,21490.568435086323
Kabupaten Malang,2025-05-01,37153.48020000002,38062.49045921386,37607.98532960694
Kabupaten Malang,2025-06-01,34783.32450000001,36857.22794525798,35820.27622262899
Kabupaten Malang,2025-07-01,25570.85559999999,22005.257633170495,23788.056616585243
Kabupaten Malang,2025-08-01,15956.583399999992,12953.17789208339,14454.88064604169
Kabupaten Malang,2025-09-01,12423.6174,9301.994495142671,10862.805947571334
Kabupaten Malang,2025-10-01,18511.521699999998,15262.075241913453,16886.798470956724
Kabupaten Malang,2025-11-01,17889.375899999995,17717.8682702149,17803.622085107447
Kabupaten Malang,2025-12-01,16416.790299999997,17588.979682935424,17002.884991467712
Kabupaten Mojokerto,2025-01-01,5662.458400000002,4958.5135326580985,5310.48596632905
Kabupaten Mojokerto,2025-02-01,11342.5758,11185.927035663932,11264.251417831965
Kabupaten Mojokerto,2025-03-01,43002.76380000001,56119.860946085406,49561.3123730427
Kabupaten Mojokerto,2025-04-01,54217.42849999999,51499.27065293834,52858.34957646916
Kabupaten Mojokerto,2025-05-01,37484.94480000001,30632.23739998027,34058.59109999014
Kabupaten Mojokerto,2025-06-01,17450.5054,15808.69409057319,16629.599745286592
Kabupaten Mojokerto,2025-07-01,24568.4408,20643.35189899028,22605.89634949514
Kabupaten Mojokerto,2025-08-01,27191.59169999997,24294.16160361276,25742.876651806364
Kabupaten Mojokerto,2025-09-01,30219.314799999996,19479.21642843785,24849.265614218923
Kabupaten Mojokerto,2025-10-01,18802.9136,18841.105861330758,18822.009730665377
Kabupaten Mojokerto,2025-11-01,9895.672899999996,10867.461070588999,10381.566985294497
Kabupaten Mojokerto,2025-12-01,5904.3582000000015,7073.0076732141915,6488.682936607096
Kabupaten Nganjuk,2025-01-01,5891.792499999997,3720.471556538495,4806.132028269246
Kabupaten Nganjuk,2025-02-01,9839.0581,6692.5963846085715,8265.827242304285
Kabupaten Nganjuk,2025-03-01,94283.75639999998,84020.71520750439,89152.23580375218
Kabupaten Nganjuk,2025-04-01,63990.764799999975,56679.5470744418,60335.15593722089
Kabupaten Nganjuk,2025-05-01,22653.216699999994,17764.342888736606,20208.7797943683
Kabupaten Nganjuk,2025-06-01,29429.53609999999,30254.224127092555,29841.88011354627
Kabupaten Nganjuk,2025-07-01,69016.42109999996,75761.95408670146,72389.18759335071
Kabupaten Nganjuk,2025-08-01,24009.9377,19937.24161786335,21973.589658931676
Kabupaten Nganjuk,2025-09-01,15214.881199999987,9810.240248768378,12512.560724384182
Kabupaten Nganjuk,2025-10-01,15672.144100000007,9514.404540080262,12593.274320040135
Kabupaten Nganjuk,2025-11-01,18487.6681,19735.850477143056,19111.759288571528
Kabupaten Nganjuk,2025-12-01,14313.908899999999,18744.803599963292,16529.356249981647
Kabupaten Ngawi,2025-01-01,16389.5945,13833.960345987947,15111.777422993973
Kabupaten Ngawi,2025-02-01,11727.159100000004,8145.82311369634,9936.491106848172
Kabupaten Ngawi,2025-03-01,126634.64499999996,139687.93832986808,133161.29166493402
Kabupaten Ngawi,2025-04-01,163002.22589999987,130862.63391424612,146932.429907123
Kabupaten Ngawi,2025-05-01,27902.530900000012,21354.3081910205,24628.419545510256
Kabupaten Ngawi,2025-06-01,28319.666900000004,23215.42423540577,25767.545567702888
Kabupaten Ngawi,2025-07-01,123880.20469999999,129239.71953399593,126559.96211699795
Kabupaten Ngawi,2025-08-01,112008.89340000002,106414.05644376753,109211.47492188378
Kabupaten Ngawi,2025-09-01,29181.0529,14732.053360935472,21956.553130467735
Kabupaten Ngawi,2025-10-01,33229.5492,20913.263783053302,27071.40649152665
Kabupaten Ngawi,2025-11-01,115094.931,100128.68267360171,107611.80683680085
Kabupaten Ngawi,2025-12-01,71130.59399999995,66346.1132579975,68738.35362899872
Kabupaten Pacitan,2025-01-01,716.7249499999997,831.3803782680992,774.0526641340495
Kabupaten Pacitan,2025-02-01,1300.6846000000003,709.666013770123,1005.1753068850617
Kabupaten Pacitan,2025-03-01,10951.572100000001,8367.33192470668,9659.45201235334
Kabupaten Pacitan,2025-04-01,18770.9369,19323.516663034126,19047.226781517064
Kabupaten Pacitan,2025-05-01,12839.383399999999,14166.613909318732,13502.998654659365
Kabupaten Pacitan,2025-06-01,6320.498900000001,3012.4830010116743,4666.490950505838
Kabupaten Pacitan,2025-07-01,2739.8244000000004,3418.418893758755,3079.1216468793777
Kabupaten Pacitan,2025-08-01,6014.0405,5374.056036018561,5694.048268009281
Kabupaten Pacitan,2025-09-01,2601.1564,0.0,1185.7354653728219
Kabupaten Pacitan,2025-10-01,895.2486500000003,0.0,0.0
Kabupaten Pacitan,2025-11-01,564.8778000000001,198.23571063054695,381.5567553152735
Kabupaten Pacitan,2025-12-01,1400.9254499999997,1797.300851013647,1599.1131505068233
Kabupaten Pamekasan,2025-01-01,209.55404999999996,242.3881611402341,225.97110557011703
Kabupaten Pamekasan,2025-02-01,2400.67515,3005.6991932899336,2703.187171644967
Kabupaten Pamekasan,2025-03-01,41946.351200000005,30444.60531589593,36195.478257947965
Kabupaten Pamekasan,2025-04-01,52774.19689999999,43559.49371376279,48166.84530688139
Kabupaten Pamekasan,2025-05-01,12152.68569999999,7418.007165365329,9785.34643268266
Kabupaten Pamekasan,2025-06-01,2496.165999999999,2360.4805527772223,2428.323276388611
Kabupaten Pamekasan,2025-07-01,1458.0875499999995,5214.845173888123,3336.466361944061
Kabupaten Pamekasan,2025-08-01,1657.4560999999992,3260.832531454477,2459.144315727238
Kabupaten Pamekasan,2025-09-01,975.8719999999998,0.0,0.0
Kabupaten Pamekasan,2025-10-01,393.6896,0.0,0.0
Kabupaten Pamekasan,2025-11-01,291.73875,0.0,0.0
Kabupaten Pamekasan,2025-12-01,125.64235,2146.6049654018116,1136.1236577009058
Kabupaten Pasuruan,2025-01-01,14195.263999999997,13884.853301736674,14040.058650868335
Kabupaten Pasuruan,2025-02-01,18732.602,16277.942026993127,17505.272013496564
Kabupaten Pasuruan,2025-03-01,33965.56860000002,29378.46061061143,31672.014605305725
Kabupaten Pasuruan,2025-04-01,43887.8926,23861.29964423624,33874.59612211812
Kabupaten Pasuruan,2025-05-01,34656.490900000004,31440.99873118866,33048.744815594335
Kabupaten Pasuruan,2025-06-01,19376.892000000003,22499.256159420092,20938.074079710048
Kabupaten Pasuruan,2025-07-01,22134.912999999993,23657.649375675388,22896.28118783769
Kabupaten Pasuruan,2025-08-01,23825.109000000008,20651.586898308316,22238.347949154162
Kabupaten Pasuruan,2025-09-01,18965.929799999994,15577.715232551402,17271.822516275697
Kabupaten Pasuruan,2025-10-01,19107.505599999997,17186.772098501366,18147.13884925068
Kabupaten Pasuruan,2025-11-01,19402.6389,17327.54651916779,18365.092709583896
Kabupaten Pasuruan,2025-12-01,9457.833800000004,15413.524936103528,12435.679368051766
Kabupaten Ponorogo,2025-01-01,19019.751799999995,16841.46947082411,17930.610635412053
Kabupaten Ponorogo,2025-02-01,3803.825699999999,2494.193164757137,3149.009432378568
Kabupaten Ponorogo,2025-03-01,40032.3994,51211.84806128043,45622.12373064022
Kabupaten Ponorogo,2025-04-01,93238.49979999996,87552.9555110275,90395.72765551374
Kabupaten Ponorogo,2025-05-01,23958.013300000002,22986.076342925833,23472.044821462918
Kabupaten Ponorogo,2025-06-01,12045.16309999999,8490.280139369775,10267.721619684882
Kabupaten Ponorogo,2025-07-01,41994.62719999999,42321.051292719734,42157.83924635986
Kabupaten Ponorogo,2025-08-01,50899.7213,44864.725113173365,47882.223206586685
Kabupaten Ponorogo,2025-09-01,21739.704200000004,16842.589477996487,19291.146838998247
Kabupaten Ponorogo,2025-10-01,4682.875099999999,6589.729628937673,5636.3023644688365
Kabupaten Ponorogo,2025-11-01,7090.639900000001,5417.582469524597,6254.1111847623
Kabupaten Ponorogo,2025-12-01,38666.55590000001,29170.086784856332,33918.32134242817
Kabupaten Probolinggo,2025-01-01,6599.180999999998,7429.997664178519,7014.589332089258
Kabupaten Probolinggo,2025-02-01,6276.461999999997,4589.638934390328,5433.050467195162
Kabupaten Probolinggo,2025-03-01,13828.729299999999,9976.48493487665,11902.607117438325
Kabupaten Probolinggo,2025-04-01,45280.6884,32419.66818938452,38850.17829469226
Kabupaten Probolinggo,2025-05-01,41970.2799,38494.66587974323,40232.47288987161
Kabupaten Probolinggo,2025-06-01,13233.745700000001,14981.60820320638,14107.67695160319
Kabupaten Probolinggo,2025-07-01,7101.946800000001,5708.884827402387,6405.415813701194
Kabupaten Probolinggo,2025-08-01,8159.735399999997,7769.178490522536,7964.456945261267
Kabupaten Probolinggo,2025-09-01,14914.785699999999,12028.905078301648,13471.845389150823
Kabupaten Probolinggo,2025-10-01,5941.668399999999,6887.652876613145,6414.660638306572
Kabupaten Probolinggo,2025-11-01,4800.475,2296.077520667618,3548.276260333809
Kabupaten Probolinggo,2025-12-01,4839.218400000001,4317.2023458006215,4578.210372900311
Kabupaten Sampang,2025-01-01,804.4708,5262.883252713964,3033.677026356982
Kabupaten Sampang,2025-02-01,5149.121549999998,8971.037752674758,7060.079651337378
Kabupaten Sampang,2025-03-01,43991.42029999998,54006.70990196189,48999.06510098094
Kabupaten Sampang,2025-04-01,46009.15870000001,27731.64661436636,36870.402657183186
Kabupaten Sampang,2025-05-01,10358.913699999997,8548.984141946266,9453.948920973133
Kabupaten Sampang,2025-06-01,8346.499099999999,4818.480820689053,6582.4899603445265
Kabupaten Sampang,2025-07-01,20660.262899999987,22599.83919613145,21630.051048065718
Kabupaten Sampang,2025-08-01,6099.836299999998,9384.775819185732,7742.3060595928655
Kabupaten Sampang,2025-09-01,2686.5896,0.0,726.8978457268346
Kabupaten Sampang,2025-10-01,1230.8496499999999,0.0,569.2091530443544
Kabupaten Sampang,2025-11-01,971.5251000000005,492.47098294914593,731.9980414745733
Kabupaten Sampang,2025-12-01,797.5870499999999,4086.662077014097,2442.1245635070486
Kabupaten Sidoarjo,2025-01-01,4645.115799999997,5357.833275182747,5001.474537591372
Kabupaten Sidoarjo,2025-02-01,10564.895599999998,10888.39253841249,10726.644069206244
Kabupaten Sidoarjo,2025-03-01,19606.1869,10232.037498451042,14919.112199225521
Kabupaten Sidoarjo,2025-04-01,31771.583300000002,20441.047532761015,26106.31541638051
Kabupaten Sidoarjo,2025-05-01,36380.4017,29742.520999022156,33061.46134951108
Kabupaten Sidoarjo,2025-06-01,19674.112600000008,21855.018716956045,20764.565658478026
Kabupaten Sidoarjo,2025-07-01,10861.193699999998,13894.133908168975,12377.663804084486
Kabupaten Sidoarjo,2025-08-01,9088.467800000002,7256.271248922401,8172.369524461202
Kabupaten Sidoarjo,2025-09-01,31762.306999999997,16537.719944369608,24150.0134721848
Kabupaten Sidoarjo,2025-10-01,32792.95009999999,19635.33157265143,26214.140836325707
Kabupaten Sidoarjo,2025-11-01,22665.466200000003,22004.157835781298,22334.81201789065
Kabupaten Sidoarjo,2025-12-01,5978.052600000003,8769.016101914394,7373.5343509571985
Kabupaten Situbondo,2025-01-01,7457.1131,6128.428007903161,6792.770553951581
Kabupaten Situbondo,2025-02-01,20478.425300000014,13103.810944722476,16791.118122361244
Kabupaten Situbondo,2025-03-01,35950.220900000015,32663.811867782304,34307.01638389116
Kabupaten Situbondo,2025-04-01,32216.59080000002,23287.798368023017,27752.19458401152
Kabupaten Situbondo,2025-05-01,15115.354500000005,16506.812299399953,15811.083399699979
Kabupaten Situbondo,2025-06-01,10789.428699999999,14379.570796379297,12584.499748189648
Kabupaten Situbondo,2025-07-01,17731.043599999997,18632.48680863834,18181.76520431917
Kabupaten Situbondo,2025-08-01,15947.087000000001,16568.346490180782,16257.71674509039
Kabupaten Situbondo,2025-09-01,8778.173500000003,10568.988919428588,9673.581209714295
Kabupaten Situbondo,2025-10-01,5787.7664,4198.248080935438,4993.007240467719
Kabupaten Situbondo,2025-11-01,6239.715200000001,5395.459659362137,5817.587429681069
Kabupaten Situbondo,2025-12-01,5937.834999999999,6514.084684982301,6225.95984249115
Kabupaten Sumenep,2025-01-01,768.0681500000001,309.4642658612588,538.7662079306294
Kabupaten Sumenep,2025-02-01,3699.6510500000004,3089.782362512752,3394.7167062563763
Kabupaten Sumenep,2025-03-01,47723.49769999998,79904.2323783175,63813.865039158736
Kabupaten Sumenep,2025-04-01,83408.81339999996,73452.76265903866,78430.78802951932
Kabupaten Sumenep,2025-05-01,15025.842400000001,17123.150556661338,16074.49647833067
Kabupaten Sumenep,2025-06-01,7289.8857,7310.742401951872,7300.314050975936
Kabupaten Sumenep,2025-07-01,13142.091100000005,15224.710551257416,14183.40082562871
Kabupaten Sumenep,2025-08-01,19351.433199999985,15555.189366108481,17453.311283054234
Kabupaten Sumenep,2025-09-01,6735.282399999996,6965.879076823662,6850.580738411829
Kabupaten Sumenep,2025-10-01,1906.8720499999995,529.6682254509878,1218.2701377254937
Kabupaten Sumenep,2025-11-01,1431.3546000000001,0.0,498.4417225384814
Kabupaten Sumenep,2025-12-01,838.2858499999999,4239.378491993043,2538.8321709965217
Kabupaten Trenggalek,2025-01-01,1639.2175000000007,2575.106444175506,2107.1619720877534
Kabupaten Trenggalek,2025-02-01,1648.7772999999993,526.1196481109217,1087.4484740554606
Kabupaten Trenggalek,2025-03-01,7442.9427000000005,5917.173562268114,6680.0581311340575
Kabupaten Trenggalek,2025-04-01,26799.580500000004,23362.013406848007,25080.796953424004
Kabupaten Trenggalek,2025-05-01,14731.945500000003,17505.722775128175,16118.834137564088
Kabupaten Trenggalek,2025-06-01,6364.626800000004,6622.305413620679,6493.466106810341
Kabupaten Trenggalek,2025-07-01,5617.575099999999,4069.184951176999,4843.380025588499
Kabupaten Trenggalek,2025-08-01,18173.6452,18314.893434949263,18244.26931747463
Kabupaten Trenggalek,2025-09-01,6723.321599999998,8622.628094231488,7672.974847115744
Kabupaten Trenggalek,2025-10-01,4690.4981,2537.846323552867,3614.1722117764334
Kabupaten Trenggalek,2025-11-01,3370.5180000000005,3209.0856282461173,3289.8018141230586
Kabupaten Trenggalek,2025-12-01,3723.1592,4229.037166777185,3976.0981833885926
Kabupaten Tuban,2025-01-01,39000.32240000002,33806.73804588101,36403.53022294051
Kabupaten Tuban,2025-02-01,44509.38340000002,43638.88379600873,44074.13359800438
Kabupaten Tuban,2025-03-01,55333.93629999997,88416.5861219397,71875.26121096984
Kabupaten Tuban,2025-04-01,86592.3692,61016.6618906213,73804.51554531066
Kabupaten Tuban,2025-05-01,40764.221500000014,43865.52034597292,42314.87092298646
Kabupaten Tuban,2025-06-01,25920.30079999999,25486.32428875612,25703.312544378055
Kabupaten Tuban,2025-07-01,29899.919800000003,22074.60199841923,25987.260899209617
Kabupaten Tuban,2025-08-01,22407.919899999994,21002.863087052403,21705.3914935262
Kabupaten Tuban,2025-09-01,51694.391599999995,30916.985091597417,41305.688345798706
Kabupaten Tuban,2025-10-01,51965.394799999965,30929.318007068225,41447.3564035341
Kabupaten Tuban,2025-11-01,15546.3746,14709.286302742168,15127.830451371083
Kabupaten Tuban,2025-12-01,6430.017600000004,11748.414704421539,9089.21615221077
Kabupaten Tulungagung,2025-01-01,5598.1473000000005,8184.189212950226,6891.168256475114
Kabupaten Tulungagung,2025-02-01,6901.220099999999,7375.893006188198,7138.5565530940985
Kabupaten Tulungagung,2025-03-01,11491.259899999995,5648.144030214398,8569.701965107197
Kabupaten Tulungagung,2025-04-01,40820.13230000003,30007.716928766466,35413.92461438324
Kabupaten Tulungagung,2025-05-01,38108.035700000015,41595.18139646075,39851.60854823038
Kabupaten Tulungagung,2025-06-01,25700.026799999996,22307.263767784483,24003.64528389224
Kabupaten Tulungagung,2025-07-01,7655.907000000002,7985.812083234032,7820.859541617017
Kabupaten Tulungagung,2025-08-01,23554.4179,21626.707621648635,22590.562760824316
Kabupaten Tulungagung,2025-09-01,17924.51060000001,14542.642112620873,16233.576356310441
Kabupaten Tulungagung,2025-10-01,18190.925,17794.99757100701,17992.961285503505
Kabupaten Tulungagung,2025-11-01,10640.3288,13350.298982088996,11995.313891044498
Kabupaten Tulungagung,2025-12-01,6355.783799999999,6214.725856905519,6285.254828452759
Kota Batu,2025-01-01,660.7936500000003,228.41205304068706,444.6028515203437
Kota Batu,2025-02-01,449.3337500000001,0.0,181.73623973785544
Kota Batu,2025-03-01,205.3895499999999,1423.6597425745902,814.524646287295
Kota Batu,2025-04-01,313.4618499999999,1027.8513197581242,670.656584879062
Kota Batu,2025-05-01,591.5801000000004,1263.3492602237318,927.4646801118661
Kota Batu,2025-06-01,528.6072000000003,397.6157513673894,463.11147568369483
Kota Batu,2025-07-01,485.4692000000003,0.0,173.520253580273
Kota Batu,2025-08-01,170.76764999999995,0.0,0.0
Kota Batu,2025-09-01,129.99114999999998,0.0,0.0
Kota Batu,2025-10-01,111.19615,122.26188240100775,116.72901620050388
Kota Batu,2025-11-01,106.12504999999997,962.0078963246469,534.0664731623234
Kota Batu,2025-12-01,537.9934999999999,1429.835252641582,983.914376320791
Kota Blitar,2025-01-01,157.3668500000001,399.675461239979,278.52115561998954
Kota Blitar,2025-02-01,137.17920000000004,193.4269061313665,165.3030530656833
Kota Blitar,2025-03-01,132.4431,684.9151815569782,408.67914077848906
Kota Blitar,2025-04-01,520.7352,0.0,76.28592828230364
Kota Blitar,2025-05-01,1239.0024000000003,222.34333851926925,730.6728692596348
Kota Blitar,2025-06-01,553.4178500000002,164.24851274650018,358.83318137325017
Kota Blitar,2025-07-01,196.87145,0.0,0.0
Kota Blitar,2025-08-01,296.8948,0.0,0.0
Kota Blitar,2025-09-01,478.7166000000002,0.0,0.0
Kota Blitar,2025-10-01,51.209399999999995,0.0,0.0
Kota Blitar,2025-11-01,9.412299999999998,984.3494655918635,496.8808827959317
Kota Blitar,2025-12-01,88.1136,1943.8183070332257,1015.9659535166128
Kota Kediri,2025-01-01,310.6093500000002,599.8138552854848,455.2116026427425
Kota Kediri,2025-02-01,298.8518500000001,0.0,85.15097906236267
Kota Kediri,2025-03-01,417.92055,815.496637065007,616.7085935325035
Kota Kediri,2025-04-01,1346.2894999999992,810.7241065549501,1078.5068032774748
Kota Kediri,2025-05-01,2311.8954,1371.1020830721955,1841.4987415360977
Kota Kediri,2025-06-01,220.49390000000014,0.0,39.51574366591717
Kota Kediri,2025-07-01,125.05839999999998,0.0,0.0
Kota Kediri,2025-08-01,1184.2072000000003,0.0,566.2555941448952
Kota Kediri,2025-09-01,898.5662999999996,0.0,0.0
Kota Kediri,2025-10-01,122.11769999999997,0.0,0.0
Kota Kediri,2025-11-01,24.212049999999994,984.3494655918635,504.2807577959317
Kota Kediri,2025-12-01,425.27894999999995,1429.835252641582,927.5571013207909
Kota Madiun,2025-01-01,247.16279999999995,0.0,0.0
Kota Madiun,2025-02-01,260.9409999999999,1334.4434831944372,797.6922415972185
Kota Madiun,2025-03-01,1301.1937000000005,2466.1479396566633,1883.6708198283318
Kota Madiun,2025-04-01,2755.363200000001,1917.626687104175,2336.494943552088
Kota Madiun,2025-05-01,518.6254500000001,665.1933836226884,591.9094168113443
Kota Madiun,2025-06-01,217.75930000000005,0.0,91.31554960952468
Kota Madiun,2025-07-01,851.433,0.0,396.82596279376077
Kota Madiun,2025-08-01,2878.2721000000015,420.176546010508,1649.2243230052547
Kota Madiun,2025-09-01,154.79005000000004,0.0,0.0
Kota Madiun,2025-10-01,9.4703,0.0,0.0
Kota Madiun,2025-11-01,994.5954,0.0,442.6142724002422
Kota Madiun,2025-12-01,1280.0361500000006,312.7203707733529,796.3782603866767
Kota Malang,2025-01-01,664.7285500000003,128.39150573521317,396.5600278676067
Kota Malang,2025-02-01,307.8621500000002,476.68984666353043,392.2759983317653
Kota Malang,2025-03-01,1018.2676999999998,753.2641089255899,885.7659044627949
Kota Malang,2025-04-01,1123.6806,1304.1665860772823,1213.9235930386412
Kota Malang,2025-05-01,903.8694499999997,819.3775178436144,861.6234839218071
Kota Malang,2025-06-01,1100.4722000000006,0.0,549.7522788729397
Kota Malang,2025-07-01,626.8263000000001,0.0,44.18546447331886
Kota Malang,2025-08-01,313.5762499999999,0.0,0.0
Kota Malang,2025-09-01,290.1825499999999,0.0,0.0
Kota Malang,2025-10-01,799.7757500000006,0.0,0.0
Kota Malang,2025-11-01,954.4026000000001,0.0,256.2600326862804
Kota Malang,2025-12-01,1061.9524500000005,1429.835252641582,1245.8938513207913
Kota Mojokerto,2025-01-01,129.77415000000002,0.0,0.0
Kota Mojokerto,2025-02-01,217.68849999999998,295.89334155665506,256.7909207783275
Kota Mojokerto,2025-03-01,409.1069499999997,0.0,0.0
Kota Mojokerto,2025-04-01,885.9929500000002,0.0,0.0
Kota Mojokerto,2025-05-01,753.7596000000002,0.0,50.98123113392154
Kota Mojokerto,2025-06-01,148.13249999999996,1224.5123692939799,686.3224346469899
Kota Mojokerto,2025-07-01,349.4507,2036.5714317025527,1193.0110658512763
Kota Mojokerto,2025-08-01,216.53255,0.0,0.0
Kota Mojokerto,2025-09-01,789.3292999999999,0.0,0.0
Kota Mojokerto,2025-10-01,468.09050000000025,0.0,0.0
Kota Mojokerto,2025-11-01,110.51385,0.0,0.0
Kota Mojokerto,2025-12-01,10.128250000000001,1873.5596281455294,941.8439390727647
Kota Pasuruan,2025-01-01,582.3067000000001,728.9231777654751,655.6149388827375
Kota Pasuruan,2025-02-01,854.8018000000001,1574.4389148814216,1214.620357440711
Kota Pasuruan,2025-03-01,1445.9062000000006,0.0,68.92965034939573
Kota Pasuruan,2025-04-01,1148.1490999999999,0.0,342.48817415392267
Kota Pasuruan,2025-05-01,551.8922499999999,0.0,29.393026475082962
Kota Pasuruan,2025-06-01,667.1077500000002,1967.0948021997365,1317.1012760998683
Kota Pasuruan,2025-07-01,984.706,1587.134474198659,1285.9202370993296
Kota Pasuruan,2025-08-01,740.2804999999997,0.0,61.19790497241246
Kota Pasuruan,2025-09-01,582.4188499999999,0.0,0.0
Kota Pasuruan,2025-10-01,261.0765999999999,0.0,0.0
Kota Pasuruan,2025-11-01,1068.3395500000001,0.0,524.5560896489036
Kota Pasuruan,2025-12-01,358.9365000000001,1607.9297154491312,983.4331077245656
Kota Probolinggo,2025-01-01,144.99525000000003,0.0,60.643469153842304
Kota Probolinggo,2025-02-01,200.28555000000003,278.7389014914902,239.51222574574513
Kota Probolinggo,2025-03-01,908.3876499999996,976.5370024100869,942.4623262050432
Kota Probolinggo,2025-04-01,3411.4379000000026,1159.3594657688475,2285.398682884425
Kota Probolinggo,2025-05-01,1601.8482000000001,1552.329319920521,1577.0887599602606
Kota Probolinggo,2025-06-01,378.93785,710.2315901566074,544.5847200783037
Kota Probolinggo,2025-07-01,181.94539999999998,0.0,0.0
Kota Probolinggo,2025-08-01,158.7031499999999,0.0,0.0
Kota Probolinggo,2025-09-01,255.29515,0.0,0.0
Kota Probolinggo,2025-10-01,129.43399999999997,0.0,0.0
Kota Probolinggo,2025-11-01,24.158349999999995,0.0,0.0
Kota Probolinggo,2025-12-01,23.95339999999999,1429.835252641582,726.894326320791
Kota Surabaya,2025-01-01,391.7364,1338.6235146995582,865.1799573497791
Kota Surabaya,2025-02-01,570.8168000000002,0.0,0.0
Kota Surabaya,2025-03-01,2845.629750000001,0.0,97.42731987369802
Kota Surabaya,2025-04-01,4891.980700000004,4046.318323197421,4469.149511598713
Kota Surabaya,2025-05-01,907.6111999999998,790.08976590848,848.8504829542399
Kota Surabaya,2025-06-01,382.8411,0.0,159.81168894530816
Kota Surabaya,2025-07-01,488.0643,1328.9315296473826,908.4979148236913
Kota Surabaya,2025-08-01,722.8202999999997,0.0,300.5368722898121
Kota Surabaya,2025-09-01,667.1487000000002,0.0,0.0
Kota Surabaya,2025-10-01,251.27649999999994,0.0,0.0
Kota Surabaya,2025-11-01,280.76755,0.0,0.0
Kota Surabaya,2025-12-01,59.36589999999999,1226.333275142337,642.8495875711685
